tempo_s,temperatura_bruta_C,temperatura_filtrada_C,delta_T_C,taxa_C_min,estado
0.901,21.72,21.72,0.0,,ESTABILIZANDO
1.234,21.67,21.695,-0.025,,ESTABILIZANDO
1.583,21.91,21.72,0.0,,ESTABILIZANDO
1.903,22.11,21.814999999999998,0.095,,ESTABILIZANDO
2.247,21.91,21.91,0.19,,ESTABILIZANDO
2.552,21.91,21.91,0.19,,ESTABILIZANDO
2.871,21.86,21.91,0.19,,ESTABILIZANDO
3.189,21.62,21.91,0.19,,ESTABILIZANDO
3.499,21.08,21.86,0.14,,ESTABILIZANDO
3.837,21.33,21.62,-0.1,,ESTABILIZANDO
4.16,21.37,21.37,-0.35,,ESTABILIZANDO
4.508,21.52,21.37,-0.35,,ESTABILIZANDO
4.816,21.72,21.37,-0.35,,ESTABILIZANDO
5.14,22.06,21.52,-0.2,,ESTABILIZANDO
5.553,21.96,21.72,0.0,,ESTABILIZANDO
5.986,21.91,21.91,0.19,,ESTABILIZANDO
6.43,21.81,21.91,0.19,,ESTABILIZANDO
6.84,21.57,21.91,0.19,,ESTABILIZANDO
7.332,21.37,21.81,0.09,,ESTABILIZANDO
7.721,21.37,21.57,-0.15,,ESTABILIZANDO
8.177,21.52,21.52,-0.2,,ESTABILIZANDO
8.615,21.52,21.52,-0.2,,ESTABILIZANDO
9.04,21.77,21.52,-0.2,,ESTABILIZANDO
9.529,22.16,21.52,-0.2,,ESTABILIZANDO
9.977,21.96,21.77,0.05,,ESTABILIZANDO
10.377,21.81,21.81,0.09,,ESTABILIZANDO
10.828,21.81,21.81,0.09,,ESTABILIZANDO
11.268,21.42,21.81,0.09,,ESTABILIZANDO
11.663,21.52,21.81,0.09,,ESTABILIZANDO
12.139,21.28,21.52,-0.2,0.2047,ESTAVEL
12.565,21.72,21.52,-0.2,-0.1879,ESTAVEL
13.027,21.72,21.52,-0.2,-0.5847,RESFRIANDO
13.484,21.91,21.72,0.0,-0.8231,RESFRIANDO
13.912,22.06,21.72,0.0,-0.8676,RESFRIANDO
14.387,21.91,21.91,0.19,-0.4252,RESFRIANDO
14.86,22.01,21.91,0.19,0.069,ESTAVEL
15.23,21.77,21.91,0.19,0.5535,AQUECENDO
15.568,21.52,21.91,0.19,1.0313,AQUECENDO
16.074,21.57,21.77,0.05,1.3883,AQUECENDO
16.564,21.23,21.57,-0.15,1.1679,AQUECENDO
17.013,21.72,21.57,-0.15,0.7489,AQUECENDO
17.357,21.67,21.57,-0.15,0.3342,AQUECENDO
17.685,21.77,21.67,-0.05,-0.0182,ESTAVEL
18.024,21.77,21.72,0.0,-0.2496,ESTAVEL
18.364,22.21,21.77,0.05,0.0244,ESTAVEL
18.684,21.96,21.77,0.05,0.4175,AQUECENDO
19.056,21.91,21.91,0.19,0.9016,AQUECENDO
19.431,21.62,21.91,0.19,1.1444,AQUECENDO
19.764,21.72,21.91,0.19,1.3286,AQUECENDO
20.102,21.62,21.72,0.0,1.0065,AQUECENDO
20.435,21.37,21.62,-0.1,0.5828,AQUECENDO
20.788,21.86,21.62,-0.1,0.149,ESTAVEL
21.21,21.86,21.72,0.0,-0.2289,ESTAVEL
21.621,21.96,21.86,0.14,-0.3372,RESFRIANDO
21.963,21.91,21.86,0.14,-0.0134,ESTAVEL
22.316,21.77,21.86,0.14,0.3469,AQUECENDO
22.651,21.91,21.91,0.19,0.7519,AQUECENDO
23.069,21.33,21.91,0.19,1.0262,AQUECENDO
23.556,21.52,21.77,0.05,1.1348,AQUECENDO
24.0,21.77,21.77,0.05,0.9653,AQUECENDO
24.425,21.77,21.77,0.05,0.7914,AQUECENDO
24.855,21.86,21.77,0.05,0.4147,AQUECENDO
25.276,22.16,21.77,0.05,0.179,ESTAVEL
25.677,21.96,21.86,0.14,0.0072,ESTAVEL
26.078,22.06,21.96,0.24,0.3137,AQUECENDO
26.525,21.91,21.96,0.24,0.7583,AQUECENDO
26.959,21.72,21.96,0.24,1.1962,AQUECENDO
27.374,21.47,21.91,0.19,1.4546,AQUECENDO
27.836,21.72,21.72,0.0,1.2838,AQUECENDO
28.205,21.37,21.72,0.0,0.9759,AQUECENDO
28.522,21.72,21.72,0.0,0.6734,AQUECENDO
28.832,21.86,21.72,0.0,0.3098,AQUECENDO
29.136,21.81,21.72,0.0,0.02,ESTAVEL
29.573,21.91,21.81,0.09,0.0133,ESTAVEL
30.034,22.16,21.86,0.14,0.0728,ESTAVEL
30.494,21.62,21.86,0.14,0.1319,ESTAVEL
31.055,21.77,21.81,0.09,0.2495,ESTAVEL
31.612,21.62,21.77,0.05,0.3396,AQUECENDO
32.133,21.67,21.67,-0.05,0.2467,ESTAVEL
32.627,21.72,21.67,-0.05,-0.0968,ESTAVEL
33.193,21.67,21.67,-0.05,-0.5001,RESFRIANDO
34.018,22.16,21.67,-0.05,-0.8956,RESFRIANDO
34.481,22.06,21.72,0.0,-1.1257,RESFRIANDO
34.92,21.91,21.91,0.19,-0.9099,RESFRIANDO
35.385,22.01,22.01,0.29,-0.6357,RESFRIANDO
35.869,21.72,22.01,0.29,-0.366,RESFRIANDO
36.326,21.42,21.91,0.19,-0.1324,ESTAVEL
36.903,21.42,21.72,0.0,-0.0178,ESTAVEL
37.364,21.67,21.67,-0.05,-0.1222,ESTAVEL
37.8,21.67,21.67,-0.05,-0.2803,ESTAVEL
38.262,21.81,21.67,-0.05,-0.4335,RESFRIANDO
38.686,21.81,21.67,-0.05,-0.5278,RESFRIANDO
39.145,22.3,21.81,0.09,-0.5,RESFRIANDO
39.629,21.96,21.81,0.09,-0.3157,RESFRIANDO
40.2,21.91,21.91,0.19,-0.027,ESTAVEL
40.669,21.62,21.91,0.19,0.257,ESTAVEL
41.135,21.62,21.91,0.19,0.5405,AQUECENDO
41.595,21.81,21.81,0.09,0.6902,AQUECENDO
42.051,21.33,21.62,-0.1,0.4332,AQUECENDO
42.509,21.81,21.62,-0.1,0.0696,ESTAVEL
43.134,21.91,21.81,0.09,-0.1928,ESTAVEL
43.557,21.91,21.81,0.09,-0.3489,RESFRIANDO
44.034,21.91,21.91,0.19,-0.2483,ESTAVEL
44.535,22.4,21.91,0.19,-0.0434,ESTAVEL
44.921,22.06,21.91,0.19,0.1911,ESTAVEL
45.221,21.72,21.91,0.19,0.4291,AQUECENDO
45.51,21.62,21.91,0.19,0.6429,AQUECENDO
46.254,21.57,21.72,0.0,0.5731,AQUECENDO
46.614,21.37,21.62,-0.1,0.3913,AQUECENDO
46.948,21.81,21.62,-0.1,0.0958,ESTAVEL
47.26,21.67,21.62,-0.1,-0.2045,ESTAVEL
47.549,21.37,21.57,-0.15,-0.5376,RESFRIANDO
47.834,21.37,21.37,-0.35,-0.8477,RESFRIANDO
48.148,20.93,21.37,-0.35,-0.833,RESFRIANDO
48.442,20.89,21.37,-0.35,-0.7602,RESFRIANDO
48.922,20.15,20.93,-0.79,-1.178,RESFRIANDO
49.405,20.15,20.89,-0.83,-1.6916,RESFRIANDO
49.739,20.05,20.15,-1.57,-2.916,RESFRIANDO
50.06,20.05,20.15,-1.57,-4.2175,RESFRIANDO
50.472,20.45,20.15,-1.57,-5.56,RESFRIANDO
50.789,20.54,20.15,-1.57,-6.9346,RESFRIANDO
51.101,20.49,20.45,-1.27,-8.1402,RESFRIANDO
51.434,20.15,20.45,-1.27,-9.104,RESFRIANDO
51.865,20.35,20.45,-1.27,-9.9512,RESFRIANDO
52.319,19.91,20.35,-1.37,-10.788,RESFRIANDO
52.787,19.81,20.15,-1.57,-11.7494,RESFRIANDO
53.224,19.47,19.91,-1.81,-12.7851,RESFRIANDO
53.574,19.57,19.81,-1.91,-13.6575,RESFRIANDO
53.909,19.61,19.61,-2.11,-14.7903,RESFRIANDO
54.358,19.96,19.61,-2.11,-15.8719,RESFRIANDO
54.867,19.96,19.61,-2.11,-16.1562,RESFRIANDO
55.214,20.2,19.96,-1.76,-16.1708,RESFRIANDO
55.533,19.86,19.96,-1.76,-15.0349,RESFRIANDO
55.847,20.01,19.96,-1.76,-13.873,RESFRIANDO
56.174,19.61,19.96,-1.76,-12.7351,RESFRIANDO
56.488,19.76,19.86,-1.86,-11.6746,RESFRIANDO
56.819,19.52,19.76,-1.96,-11.1129,RESFRIANDO
57.149,19.52,19.61,-2.11,-10.7411,RESFRIANDO
57.456,19.96,19.61,-2.11,-10.4677,RESFRIANDO
57.903,19.86,19.76,-1.96,-9.9671,RESFRIANDO
58.261,19.86,19.86,-1.86,-9.1491,RESFRIANDO
58.593,19.57,19.86,-1.86,-8.0533,RESFRIANDO
58.925,19.66,19.86,-1.86,-6.9564,RESFRIANDO
59.256,19.61,19.66,-2.06,-5.7098,RESFRIANDO
59.572,19.22,19.61,-2.11,-4.5018,RESFRIANDO
59.955,19.47,19.57,-2.15,-3.6255,RESFRIANDO
60.452,19.22,19.47,-2.25,-3.3312,RESFRIANDO
60.978,19.13,19.22,-2.5,-3.7462,RESFRIANDO
61.308,19.61,19.22,-2.5,-4.1636,RESFRIANDO
61.624,19.66,19.47,-2.25,-4.3966,RESFRIANDO
61.994,19.76,19.61,-2.11,-4.3776,RESFRIANDO
62.344,19.47,19.61,-2.11,-3.9897,RESFRIANDO
62.656,19.66,19.66,-2.06,-3.3419,RESFRIANDO
62.971,19.27,19.66,-2.06,-2.6864,RESFRIANDO
63.292,19.47,19.47,-2.25,-2.4703,RESFRIANDO
63.711,19.17,19.47,-2.25,-2.5452,RESFRIANDO
64.257,18.88,19.27,-2.45,-2.9353,RESFRIANDO
64.552,19.27,19.27,-2.45,-3.397,RESFRIANDO
64.854,19.32,19.27,-2.45,-3.7098,RESFRIANDO
65.139,19.47,19.27,-2.45,-3.9425,RESFRIANDO
65.434,19.27,19.27,-2.45,-4.1131,RESFRIANDO
65.74,19.57,19.32,-2.4,-3.8633,RESFRIANDO
66.03,19.17,19.32,-2.4,-3.2677,RESFRIANDO
66.335,18.78,19.27,-2.45,-2.7044,RESFRIANDO
66.627,19.08,19.17,-2.55,-2.579,RESFRIANDO
66.92,19.17,19.17,-2.55,-2.7389,RESFRIANDO
67.209,18.93,19.08,-2.64,-3.0467,RESFRIANDO
67.505,19.47,19.08,-2.64,-3.5487,RESFRIANDO
67.795,19.27,19.17,-2.55,-3.992,RESFRIANDO
68.079,19.52,19.27,-2.45,-3.9536,RESFRIANDO
68.371,19.76,19.47,-2.25,-3.691,RESFRIANDO
68.664,19.27,19.47,-2.25,-3.128,RESFRIANDO
68.949,19.17,19.27,-2.45,-2.7057,RESFRIANDO
69.233,19.08,19.27,-2.45,-2.4323,RESFRIANDO
69.52,19.03,19.17,-2.55,-2.273,RESFRIANDO
69.81,19.13,19.13,-2.59,-2.1735,RESFRIANDO
70.105,19.22,19.13,-2.59,-2.2361,RESFRIANDO
70.401,19.32,19.13,-2.59,-2.5079,RESFRIANDO
70.688,19.47,19.22,-2.5,-2.6195,RESFRIANDO
70.978,19.17,19.22,-2.5,-2.337,RESFRIANDO
71.271,19.13,19.22,-2.5,-1.9227,RESFRIANDO
71.559,18.83,19.17,-2.55,-1.3839,RESFRIANDO
71.861,18.88,19.13,-2.59,-0.8275,RESFRIANDO
72.168,18.98,18.98,-2.74,-0.5614,RESFRIANDO
72.475,18.98,18.98,-2.74,-0.6468,RESFRIANDO
72.788,18.83,18.88,-2.84,-1.1886,RESFRIANDO
73.087,19.42,18.98,-2.74,-1.8191,RESFRIANDO
73.386,19.42,18.98,-2.74,-2.0829,RESFRIANDO
73.687,19.57,19.42,-2.3,-1.9437,RESFRIANDO
73.987,19.37,19.42,-2.3,-1.6222,RESFRIANDO
74.273,19.32,19.42,-2.3,-1.2286,RESFRIANDO
74.634,19.03,19.37,-2.35,-0.8352,RESFRIANDO
74.989,18.74,19.32,-2.4,-0.4886,RESFRIANDO
75.286,18.83,19.03,-2.69,-0.6131,RESFRIANDO
75.586,18.74,18.83,-2.89,-1.0058,RESFRIANDO
75.891,18.88,18.83,-2.89,-1.3954,RESFRIANDO
76.187,18.93,18.83,-2.89,-1.7727,RESFRIANDO
76.479,19.22,18.88,-2.84,-2.032,RESFRIANDO
76.763,19.13,18.93,-2.79,-1.9016,RESFRIANDO
77.057,19.42,19.13,-2.59,-1.5083,RESFRIANDO
77.343,18.88,19.13,-2.59,-0.7658,RESFRIANDO
77.64,19.42,19.22,-2.5,-0.123,ESTAVEL
77.93,19.37,19.37,-2.35,0.4737,AQUECENDO
78.24,19.37,19.37,-2.35,0.2978,ESTAVEL
78.531,19.66,19.37,-2.35,0.035,ESTAVEL
78.831,19.66,19.42,-2.3,-0.2184,ESTAVEL
79.125,20.1,19.66,-2.06,-0.1748,ESTAVEL
79.454,19.71,19.66,-2.06,-0.0438,ESTAVEL
79.746,19.96,19.71,-2.01,0.7196,AQUECENDO
80.042,19.13,19.71,-2.01,1.8381,AQUECENDO
80.336,19.08,19.71,-2.01,2.9626,AQUECENDO
80.631,19.32,19.32,-2.4,3.7045,AQUECENDO
80.927,19.42,19.32,-2.4,4.3253,AQUECENDO
81.232,18.74,19.13,-2.59,4.5553,AQUECENDO
81.532,18.69,19.08,-2.64,4.3847,AQUECENDO
81.829,18.34,18.74,-2.98,3.8194,AQUECENDO
82.141,19.66,18.74,-2.98,3.1809,AQUECENDO
82.448,20.2,18.74,-2.98,2.2729,AQUECENDO
82.76,20.1,19.66,-2.06,2.5772,AQUECENDO
83.074,20.1,20.1,-1.62,3.2729,AQUECENDO
83.373,20.15,20.1,-1.62,3.8803,AQUECENDO
83.671,20.35,20.15,-1.57,4.0554,AQUECENDO
83.976,20.4,20.15,-1.57,4.1855,AQUECENDO
84.281,20.69,20.35,-1.37,4.1452,AQUECENDO
84.593,20.54,20.4,-1.32,3.9706,AQUECENDO
84.902,20.49,20.49,-1.23,3.8749,AQUECENDO
85.206,20.74,20.54,-1.18,4.5135,AQUECENDO
85.519,20.3,20.54,-1.18,5.1928,AQUECENDO
85.829,20.25,20.49,-1.23,6.2055,AQUECENDO
86.137,20.25,20.3,-1.42,7.311,AQUECENDO
86.444,20.01,20.25,-1.47,8.9656,AQUECENDO
86.75,20.59,20.25,-1.47,10.696,AQUECENDO
87.055,20.69,20.25,-1.47,12.5562,AQUECENDO
87.361,20.49,20.49,-1.23,13.0137,AQUECENDO
87.67,20.79,20.59,-1.13,12.7937,AQUECENDO
87.982,20.79,20.69,-1.03,12.7027,AQUECENDO
88.291,20.35,20.69,-1.03,12.7327,AQUECENDO
88.592,20.54,20.54,-1.18,12.6282,AQUECENDO
88.898,20.2,20.54,-1.18,12.2219,AQUECENDO
89.203,20.59,20.54,-1.18,11.7335,AQUECENDO
89.5,20.69,20.54,-1.18,11.0939,AQUECENDO
89.804,20.93,20.59,-1.13,10.0741,AQUECENDO
90.112,20.93,20.69,-1.03,9.1447,AQUECENDO
90.402,21.03,20.93,-0.79,8.3486,AQUECENDO
90.682,20.84,20.93,-0.79,7.8429,AQUECENDO
90.966,20.93,20.93,-0.79,7.1308,AQUECENDO
91.27,20.45,20.93,-0.79,6.4164,AQUECENDO
91.575,20.74,20.84,-0.88,5.6214,AQUECENDO
91.975,20.84,20.84,-0.88,5.2014,AQUECENDO
92.317,20.64,20.74,-0.98,4.9011,AQUECENDO
92.609,21.13,20.74,-0.98,4.4289,AQUECENDO
92.895,20.98,20.84,-0.88,4.0899,AQUECENDO
93.19,21.18,20.98,-0.74,4.1346,AQUECENDO
93.563,21.47,21.13,-0.59,4.4804,AQUECENDO
93.951,21.03,21.13,-0.59,4.8629,AQUECENDO
94.372,20.84,21.03,-0.69,5.2248,AQUECENDO
95.148,20.74,21.03,-0.69,5.5034,AQUECENDO
95.626,20.79,20.84,-0.88,5.432,AQUECENDO
96.081,20.89,20.84,-0.88,4.907,AQUECENDO
96.455,21.03,20.84,-0.88,4.2349,AQUECENDO
96.873,21.28,20.89,-0.83,3.5775,AQUECENDO
97.279,21.47,21.03,-0.69,3.0504,AQUECENDO
97.654,21.33,21.28,-0.44,2.8733,AQUECENDO
98.111,21.37,21.33,-0.39,2.9241,AQUECENDO
98.526,21.03,21.33,-0.39,3.1945,AQUECENDO
98.949,21.03,21.33,-0.39,3.521,AQUECENDO
99.379,21.18,21.18,-0.54,3.5776,AQUECENDO
99.767,21.23,21.18,-0.54,3.3288,AQUECENDO
100.06,21.13,21.13,-0.59,2.8581,AQUECENDO
100.362,21.72,21.18,-0.54,2.4445,AQUECENDO
100.655,21.52,21.23,-0.49,2.216,AQUECENDO
100.963,21.47,21.47,-0.25,2.2047,AQUECENDO
101.265,21.72,21.52,-0.2,2.5479,AQUECENDO
101.554,21.33,21.52,-0.2,3.0578,AQUECENDO
101.861,21.33,21.47,-0.25,3.5435,AQUECENDO
102.159,21.42,21.42,-0.3,3.9451,AQUECENDO
102.454,21.13,21.33,-0.39,4.1153,AQUECENDO
102.749,21.37,21.33,-0.39,3.8975,AQUECENDO
103.043,21.72,21.37,-0.35,3.6429,AQUECENDO
103.335,21.72,21.42,-0.3,3.3541,AQUECENDO
103.628,21.72,21.72,0.0,3.278,AQUECENDO
103.917,21.77,21.72,0.0,3.5005,AQUECENDO
104.214,21.57,21.72,0.0,3.8466,AQUECENDO
104.506,21.28,21.72,0.0,4.3985,AQUECENDO
104.794,21.57,21.57,-0.15,4.7792,AQUECENDO
105.086,21.52,21.57,-0.15,5.0105,AQUECENDO
105.384,21.62,21.57,-0.15,4.8273,AQUECENDO
105.69,21.67,21.57,-0.15,4.3836,AQUECENDO
105.977,21.67,21.62,-0.1,3.958,AQUECENDO
106.272,22.21,21.67,-0.05,3.6455,AQUECENDO
106.578,21.91,21.67,-0.05,3.448,AQUECENDO
106.9,21.77,21.77,0.05,3.6078,AQUECENDO
107.2,21.57,21.77,0.05,3.9876,AQUECENDO
107.486,21.67,21.77,0.05,4.338,AQUECENDO
107.781,21.57,21.67,-0.05,4.5051,AQUECENDO
108.095,21.47,21.57,-0.15,4.0333,AQUECENDO
108.387,21.52,21.57,-0.15,3.4156,AQUECENDO
108.712,22.01,21.57,-0.15,2.7916,AQUECENDO
109.228,21.96,21.57,-0.15,2.1165,AQUECENDO
109.649,22.06,21.96,0.24,2.1032,AQUECENDO
109.944,22.25,22.01,0.29,2.1785,AQUECENDO
110.277,21.91,22.01,0.29,2.4624,AQUECENDO
110.632,21.67,21.96,0.24,2.7406,AQUECENDO
111.055,21.91,21.91,0.19,2.879,AQUECENDO
111.35,21.91,21.91,0.19,2.8858,AQUECENDO
111.65,21.91,21.91,0.19,2.8507,AQUECENDO
111.955,22.11,21.91,0.19,2.574,AQUECENDO
112.272,22.25,21.91,0.19,2.3016,AQUECENDO
112.583,22.3,22.11,0.39,2.2313,AQUECENDO
112.891,22.25,22.25,0.53,2.4813,AQUECENDO
113.202,22.21,22.25,0.53,3.1337,AQUECENDO
113.542,22.16,22.25,0.53,3.7726,AQUECENDO
113.85,21.91,22.21,0.49,4.3706,AQUECENDO
114.17,22.11,22.16,0.44,4.9462,AQUECENDO
114.487,22.16,22.16,0.44,4.7962,AQUECENDO
114.805,22.11,22.11,0.39,4.5256,AQUECENDO
115.109,21.96,22.11,0.39,4.2586,AQUECENDO
115.412,22.4,22.11,0.39,4.0764,AQUECENDO
115.72,22.3,22.16,0.44,4.0668,AQUECENDO
116.025,22.35,22.3,0.58,4.2098,AQUECENDO
116.47,22.5,22.35,0.63,4.386,AQUECENDO
116.88,22.45,22.4,0.68,4.6775,AQUECENDO
117.203,21.81,22.35,0.63,4.93,AQUECENDO
117.513,22.11,22.35,0.63,4.8597,AQUECENDO
117.816,22.16,22.16,0.44,4.3251,AQUECENDO
118.162,22.16,22.16,0.44,3.7041,AQUECENDO
118.467,22.55,22.16,0.44,3.0842,AQUECENDO
118.773,22.84,22.16,0.44,2.5256,AQUECENDO
119.077,22.6,22.55,0.83,2.3622,AQUECENDO
119.392,22.5,22.55,0.83,2.5163,AQUECENDO
119.701,22.45,22.55,0.83,2.7945,AQUECENDO
120.018,22.11,22.5,0.78,3.0297,AQUECENDO
120.327,22.4,22.45,0.73,3.1798,AQUECENDO
120.63,22.06,22.4,0.68,3.161,AQUECENDO
120.937,22.16,22.16,0.44,2.7193,AQUECENDO
121.244,22.21,22.16,0.44,2.2077,AQUECENDO
121.551,22.74,22.21,0.49,1.6595,AQUECENDO
121.875,22.79,22.21,0.49,1.1896,AQUECENDO
122.184,22.89,22.74,1.02,1.3173,AQUECENDO
122.506,22.55,22.74,1.02,1.875,AQUECENDO
122.816,22.84,22.79,1.07,2.4801,AQUECENDO
123.145,22.55,22.79,1.07,3.0879,AQUECENDO
123.459,22.45,22.55,0.83,3.4656,AQUECENDO
123.779,22.5,22.55,0.83,3.1488,AQUECENDO
124.098,22.25,22.5,0.78,2.7881,AQUECENDO
124.406,22.79,22.5,0.78,2.383,AQUECENDO
124.707,22.84,22.5,0.78,2.0609,AQUECENDO
125.018,22.79,22.79,1.07,2.0675,AQUECENDO
125.321,22.69,22.79,1.07,2.2014,AQUECENDO
125.63,22.65,22.79,1.07,2.8648,AQUECENDO
125.929,22.89,22.79,1.07,3.5684,AQUECENDO
126.247,22.21,22.69,0.97,4.1389,AQUECENDO
126.558,22.45,22.65,0.93,4.6331,AQUECENDO
126.878,22.65,22.65,0.93,4.2222,AQUECENDO
127.266,22.65,22.65,0.93,3.6471,AQUECENDO
127.634,22.69,22.65,0.93,2.984,AQUECENDO
127.936,23.13,22.65,0.93,2.3257,AQUECENDO
128.235,22.69,22.69,0.97,2.1108,AQUECENDO
128.545,22.84,22.69,0.97,2.2274,AQUECENDO
128.846,22.89,22.84,1.12,2.5562,AQUECENDO
129.146,22.5,22.84,1.12,2.8849,AQUECENDO
129.456,22.65,22.69,0.97,3.0431,AQUECENDO
129.762,22.35,22.65,0.93,2.6353,AQUECENDO
130.081,22.55,22.55,0.83,2.1012,AQUECENDO
130.4,22.5,22.5,0.78,1.3234,AQUECENDO
130.714,22.94,22.55,0.83,0.5892,AQUECENDO
131.021,22.89,22.55,0.83,0.0673,ESTAVEL
131.358,23.09,22.89,1.17,-0.1007,ESTAVEL
131.714,22.99,22.94,1.22,0.2178,ESTAVEL
132.042,22.89,22.94,1.22,0.5361,AQUECENDO
132.351,22.65,22.89,1.17,0.8556,AQUECENDO
132.669,22.6,22.89,1.17,1.1753,AQUECENDO
132.98,22.65,22.65,0.93,1.0246,AQUECENDO
133.288,22.4,22.65,0.93,0.8737,AQUECENDO
133.593,22.55,22.6,0.88,0.3865,AQUECENDO
133.895,23.04,22.6,0.88,-0.1008,ESTAVEL
134.194,22.89,22.65,0.93,-0.294,ESTAVEL
134.499,22.79,22.79,1.07,-0.0588,ESTAVEL
134.796,23.18,22.89,1.17,0.4288,AQUECENDO
135.097,23.04,23.04,1.32,1.1278,AQUECENDO
135.398,22.84,22.89,1.17,1.6182,AQUECENDO
135.727,22.69,22.84,1.12,1.9825,AQUECENDO
136.034,22.65,22.84,1.12,1.7409,AQUECENDO
136.346,22.5,22.69,0.97,1.2882,AQUECENDO
136.66,22.94,22.69,0.97,0.8324,AQUECENDO
136.974,22.99,22.69,0.97,0.4593,AQUECENDO
137.284,23.09,22.94,1.22,0.2982,ESTAVEL
137.686,23.13,22.99,1.27,0.6223,AQUECENDO
138.157,23.28,23.09,1.37,1.0296,AQUECENDO
138.648,22.84,23.09,1.37,1.6436,AQUECENDO
139.103,22.69,23.09,1.37,2.2475,AQUECENDO
139.544,22.65,22.84,1.12,2.4203,AQUECENDO
140.023,22.69,22.69,0.97,2.196,AQUECENDO
140.463,22.65,22.69,0.97,1.7276,AQUECENDO
140.876,23.09,22.69,0.97,0.9878,AQUECENDO
141.286,22.94,22.69,0.97,0.5453,AQUECENDO
141.731,22.94,22.94,1.22,0.3885,AQUECENDO
142.129,22.89,22.94,1.22,0.496,AQUECENDO
142.564,23.43,22.94,1.22,0.8601,AQUECENDO
142.991,22.79,22.94,1.22,1.2083,AQUECENDO
143.38,22.65,22.89,1.17,1.4693,AQUECENDO
143.84,22.69,22.79,1.07,1.2959,AQUECENDO
144.284,22.74,22.74,1.02,0.8635,AQUECENDO
144.729,22.55,22.69,0.97,0.2824,ESTAVEL
145.15,22.94,22.69,0.97,-0.3109,RESFRIANDO
145.581,23.09,22.74,1.02,-0.8547,RESFRIANDO
146.026,23.04,22.94,1.22,-0.9023,RESFRIANDO
146.501,22.99,22.99,1.27,-0.6379,RESFRIANDO
146.946,23.43,23.04,1.32,-0.2846,ESTAVEL
147.387,22.94,23.04,1.32,0.1569,ESTAVEL
147.852,22.84,22.99,1.27,0.4674,AQUECENDO
148.213,22.79,22.94,1.22,0.4031,AQUECENDO
148.556,22.89,22.89,1.17,0.309,AQUECENDO
148.997,22.6,22.84,1.12,0.0925,ESTAVEL
149.379,22.89,22.84,1.12,-0.1233,ESTAVEL
149.719,23.13,22.89,1.17,-0.2467,ESTAVEL
150.039,22.99,22.89,1.17,-0.0928,ESTAVEL
150.36,23.33,22.99,1.27,0.2178,ESTAVEL
150.681,23.18,23.13,1.41,0.7453,AQUECENDO
151.003,23.18,23.18,1.46,1.3116,AQUECENDO
151.317,22.84,23.18,1.46,1.824,AQUECENDO
151.659,22.4,23.18,1.46,1.9304,AQUECENDO
151.977,22.94,22.94,1.22,1.7244,AQUECENDO
152.29,22.79,22.84,1.12,1.3849,AQUECENDO
152.605,22.84,22.84,1.12,1.0386,AQUECENDO
153.004,22.69,22.79,1.07,0.7169,AQUECENDO
153.404,23.09,22.84,1.12,0.6589,AQUECENDO
153.818,22.99,22.84,1.12,0.6678,AQUECENDO
154.141,23.18,22.99,1.27,0.8545,AQUECENDO
154.461,23.38,23.09,1.37,1.1188,AQUECENDO
154.809,22.94,23.09,1.37,1.2814,AQUECENDO
155.147,22.84,22.99,1.27,1.2986,AQUECENDO
155.547,22.79,22.94,1.22,1.0892,AQUECENDO
155.637,22.45,22.84,1.12,0.5514,AQUECENDO
155.662,22.79,22.79,1.07,-0.115,ESTAVEL
155.685,22.99,22.79,1.07,-0.7649,RESFRIANDO
155.708,23.09,22.79,1.07,-1.2831,RESFRIANDO
155.731,23.57,22.99,1.27,-1.2316,RESFRIANDO
155.753,23.18,23.09,1.37,-0.8872,RESFRIANDO
155.776,23.23,23.18,1.46,-0.448,RESFRIANDO
155.799,23.52,23.23,1.51,0.107,ESTAVEL
155.821,23.23,23.23,1.51,0.5674,AQUECENDO
155.844,22.84,23.23,1.51,1.0283,AQUECENDO
155.868,22.94,23.23,1.51,1.1824,AQUECENDO
155.891,22.6,22.94,1.22,0.8192,AQUECENDO
155.913,22.84,22.84,1.12,0.3465,AQUECENDO
155.935,22.94,22.84,1.12,0.0523,ESTAVEL
155.957,23.28,22.94,1.22,0.1313,ESTAVEL
155.98,23.43,22.94,1.22,0.789,AQUECENDO
156.002,23.23,23.23,1.51,2.4422,AQUECENDO
156.024,23.13,23.23,1.51,4.5606,AQUECENDO
156.046,23.48,23.28,1.56,7.4132,AQUECENDO
156.068,23.13,23.23,1.51,9.1595,AQUECENDO
156.09,22.99,23.13,1.41,10.0555,AQUECENDO
156.114,23.04,23.13,1.41,10.3928,AQUECENDO
156.136,22.65,23.04,1.32,9.4205,AQUECENDO
156.158,22.94,22.99,1.27,7.6918,AQUECENDO
156.18,22.99,22.99,1.27,4.8867,AQUECENDO
156.202,22.99,22.99,1.27,1.9332,AQUECENDO
156.225,23.18,22.99,1.27,4.1553,AQUECENDO
156.247,23.23,22.99,1.27,9.0267,AQUECENDO
156.27,23.72,23.18,1.46,15.5541,AQUECENDO
156.293,23.28,23.23,1.51,19.2269,AQUECENDO
156.316,23.23,23.23,1.51,21.5074,AQUECENDO
156.339,23.13,23.23,1.51,16.2916,AQUECENDO
156.361,22.89,23.23,1.51,11.0616,AQUECENDO
156.384,23.18,23.18,1.46,4.0446,AQUECENDO
156.406,22.99,23.13,1.41,-0.0,ESTAVEL
156.43,22.79,22.99,1.27,-2.1398,RESFRIANDO
156.453,23.09,22.99,1.27,-3.2089,RESFRIANDO
156.476,23.18,23.09,1.37,-0.3563,RESFRIANDO
156.499,23.23,23.09,1.37,3.6788,AQUECENDO
156.521,23.43,23.18,1.46,8.773,AQUECENDO
156.544,23.43,23.23,1.51,14.4443,AQUECENDO
156.567,23.28,23.28,1.56,17.2574,AQUECENDO
156.59,23.48,23.43,1.71,20.6522,AQUECENDO
156.612,23.18,23.43,1.71,19.5597,AQUECENDO
156.636,22.99,23.28,1.56,16.7073,AQUECENDO
156.659,23.18,23.18,1.46,12.692,AQUECENDO
156.683,22.74,23.18,1.46,12.0862,AQUECENDO
156.705,23.18,23.18,1.46,11.4859,AQUECENDO
156.728,23.38,23.18,1.46,12.6431,AQUECENDO
156.75,23.72,23.18,1.46,14.3831,AQUECENDO
156.772,23.48,23.38,1.66,20.5705,AQUECENDO
156.795,23.33,23.38,1.66,26.7492,AQUECENDO
156.818,23.43,23.43,1.71,30.1279,AQUECENDO
156.841,23.18,23.43,1.71,32.9223,AQUECENDO
156.864,23.04,23.33,1.61,32.4414,AQUECENDO
156.887,23.13,23.18,1.46,29.0494,AQUECENDO
156.911,23.18,23.18,1.46,24.4961,AQUECENDO
156.933,22.79,23.13,1.41,15.8614,AQUECENDO
156.956,23.18,23.13,1.41,9.4439,AQUECENDO
156.979,23.48,23.18,1.46,7.6941,AQUECENDO
157.001,23.57,23.18,1.46,8.2775,AQUECENDO
157.023,23.38,23.38,1.66,11.199,AQUECENDO
157.046,23.43,23.43,1.71,14.7053,AQUECENDO
157.069,23.33,23.43,1.71,17.6308,AQUECENDO
157.092,23.23,23.38,1.66,19.3898,AQUECENDO
157.116,22.79,23.33,1.61,14.2476,AQUECENDO
157.138,23.28,23.28,1.56,8.5234,AQUECENDO
157.16,23.09,23.23,1.51,2.2181,AQUECENDO
157.183,23.23,23.23,1.51,-4.0862,RESFRIANDO
157.206,23.43,23.23,1.51,-7.0072,RESFRIANDO
157.229,23.48,23.28,1.56,-5.2559,RESFRIANDO
157.252,23.33,23.33,1.61,-2.3367,RESFRIANDO
157.276,23.48,23.43,1.71,4.6742,AQUECENDO
157.298,23.62,23.48,1.76,12.2746,AQUECENDO
157.32,23.57,23.48,1.76,16.9584,AQUECENDO
157.343,23.04,23.48,1.76,20.4714,AQUECENDO
157.366,23.04,23.48,1.76,19.2967,AQUECENDO
157.388,22.89,23.04,1.32,11.8108,AQUECENDO
157.41,23.28,23.04,1.32,4.3273,AQUECENDO
157.432,23.23,23.04,1.32,-1.9893,RESFRIANDO
157.454,23.52,23.23,1.51,-2.5769,RESFRIANDO
157.476,23.28,23.28,1.56,-1.4069,RESFRIANDO
157.499,23.77,23.28,1.56,1.5254,AQUECENDO
157.521,23.43,23.43,1.71,6.2243,AQUECENDO
157.546,23.33,23.43,1.71,9.7506,AQUECENDO
157.569,23.18,23.33,1.61,9.169,AQUECENDO
157.591,23.09,23.33,1.61,7.4105,AQUECENDO
157.613,22.94,23.18,1.46,0.942,AQUECENDO
157.636,23.09,23.09,1.37,-7.779,RESFRIANDO
157.658,23.23,23.09,1.37,-15.9218,RESFRIANDO
157.681,23.38,23.09,1.37,-24.0749,RESFRIANDO
157.703,23.52,23.23,1.51,-28.2305,RESFRIANDO
157.726,23.38,23.38,1.66,-19.6226,RESFRIANDO
157.749,23.33,23.38,1.66,-10.9974,RESFRIANDO
157.772,23.43,23.38,1.66,-2.9556,RESFRIANDO
157.795,23.04,23.38,1.66,0.0,ESTAVEL
157.817,23.09,23.33,1.61,0.5906,AQUECENDO
157.839,22.84,23.09,1.37,-2.2433,RESFRIANDO
157.862,23.13,23.09,1.37,-8.6125,RESFRIANDO
157.908,23.04,23.04,1.32,-15.5047,RESFRIANDO
157.93,23.23,23.09,1.37,-18.8296,RESFRIANDO
157.953,23.52,23.13,1.41,-21.0717,RESFRIANDO
157.975,23.38,23.23,1.51,-17.4943,RESFRIANDO
157.998,23.33,23.33,1.61,-10.1464,RESFRIANDO
158.02,23.38,23.38,1.66,-2.2953,RESFRIANDO
158.043,22.99,23.38,1.66,5.4833,AQUECENDO
158.065,22.84,23.33,1.61,9.4387,AQUECENDO
158.087,23.04,23.04,1.32,1.6984,AQUECENDO
158.109,23.04,23.04,1.32,-5.9763,RESFRIANDO
158.131,23.09,23.04,1.32,-13.595,RESFRIANDO
158.154,22.99,23.04,1.32,-19.0358,RESFRIANDO
158.175,23.33,23.04,1.32,-22.7657,RESFRIANDO
158.197,23.43,23.09,1.37,-20.5778,RESFRIANDO
158.22,23.43,23.33,1.61,-14.0856,RESFRIANDO
158.241,23.72,23.43,1.71,-5.4639,RESFRIANDO
158.264,23.23,23.43,1.71,1.0087,AQUECENDO
158.286,23.18,23.43,1.71,6.6488,AQUECENDO
158.308,23.23,23.23,1.51,6.1199,AQUECENDO
158.33,23.13,23.23,1.51,2.2796,AQUECENDO
158.352,22.84,23.18,1.46,-3.3249,RESFRIANDO
158.374,23.13,23.13,1.41,-9.5718,RESFRIANDO
158.397,23.18,23.13,1.41,-13.1056,RESFRIANDO
158.419,23.38,23.13,1.41,-8.1632,RESFRIANDO
158.442,23.72,23.18,1.46,-2.5797,RESFRIANDO
158.464,23.33,23.33,1.61,4.8327,AQUECENDO
158.487,23.33,23.33,1.61,12.3206,AQUECENDO
158.509,23.13,23.33,1.61,19.2862,AQUECENDO
